time,vehicles,mean_speed,mean_waiting
1.0,1,13.181370000000001,0.0
2.0,1,13.031799067295045,0.0
3.0,1,12.535450317914487,0.0
4.0,1,12.389583490550407,0.0
5.0,2,13.047580809419864,0.0
6.0,2,13.357278596304301,0.0
7.0,2,13.272415579130818,0.0
8.0,2,12.800870960354285,0.0
9.0,3,12.933663750250767,0.0
10.0,3,13.11779104000699,0.0
11.0,3,13.124867697919683,0.0
12.0,3,13.06275620473514,0.0
13.0,4,12.995284687654628,0.0
14.0,4,12.743909644326475,0.0
15.0,4,12.562229700010782,0.0
16.0,4,12.829487878593199,0.0
17.0,5,12.661164904522291,0.0
18.0,5,12.394914066979386,0.0
19.0,5,12.387668999821603,0.0
20.0,5,12.709739722173385,0.0
21.0,6,12.743793797895037,0.0
22.0,6,12.757455419420502,0.0
23.0,6,12.488295077654149,0.0
24.0,6,12.60539718579711,0.0
25.0,7,12.6718186569879,0.0
26.0,7,12.637942366619132,0.0
27.0,7,12.626892097325399,0.0
28.0,7,12.648486312260388,0.0
29.0,8,12.811563945336603,0.0
30.0,8,12.742991890113164,0.0
31.0,8,12.75075857905421,0.0
32.0,8,12.903100112794611,0.0
33.0,9,12.696217681049527,0.0
34.0,9,12.492399995519007,0.0
35.0,9,12.597057295586554,0.0
36.0,9,12.549263605179009,0.0
37.0,10,12.632422925796561,0.0
38.0,10,12.310602501024693,0.0
39.0,10,12.503977884513006,0.0
40.0,10,12.741268683966267,0.0
41.0,11,12.438166045659539,0.0
42.0,11,12.365711022698076,0.0
43.0,11,12.57777360028611,0.0
44.0,11,12.808459752976274,0.0
45.0,12,12.459031579531425,0.0
46.0,12,12.540367730224695,0.0
47.0,12,12.642745270093684,0.0
48.0,12,12.653217116598919,0.0
49.0,13,12.555744120854687,0.0
50.0,13,12.308498807724593,0.0
51.0,13,12.27738836910843,0.0
52.0,13,12.306569179428074,0.0
53.0,14,12.28570345321872,0.0
54.0,14,12.068473804376282,0.0
55.0,14,12.18484764405885,0.0
56.0,14,12.101167821738755,0.0
57.0,15,12.21413567289482,0.0
58.0,15,12.233059925198342,0.0
59.0,15,12.138052716805623,0.0
60.0,15,12.160444955142946,0.0
61.0,16,12.129016944250816,0.0
62.0,16,12.322175464848424,0.0
63.0,16,12.23271551301082,0.0
64.0,16,12.216448032886793,0.0
65.0,17,12.162804389523782,0.0
66.0,17,12.012620356683133,0.0
67.0,17,11.969458767950035,0.0
68.0,17,12.092819909469242,0.0
69.0,18,12.118948187902882,0.0
70.0,18,11.978332327569083,0.0
71.0,18,11.848960914061118,0.0
72.0,18,11.895422487632075,0.0
73.0,19,11.986220749590961,0.0
74.0,19,12.053490637764826,0.0
75.0,19,12.094526619075191,0.0
76.0,19,12.03092013193994,0.0
77.0,20,12.01680612648342,0.0
78.0,20,12.163458460627758,0.0
79.0,20,12.048882908445842,0.0
80.0,20,12.15358812451722,0.0
81.0,20,12.021263454659396,0.0
82.0,20,12.285806317304102,0.0
83.0,19,12.199382928617434,0.0
84.0,19,11.94336071828409,0.0
85.0,19,11.963213993570925,0.0
86.0,19,11.76545574494321,0.0
87.0,19,11.878480569066165,0.0
88.0,19,11.896498670828626,0.0
89.0,20,11.744128215018147,0.0
90.0,20,11.691753000228584,0.0
91.0,20,11.73957251364216,0.0
92.0,20,11.803103499454766,0.0
93.0,21,11.811344491388892,0.0
94.0,21,11.889554797839816,0.0
95.0,21,11.885489853888567,0.0
96.0,21,11.698064059154031,0.0
97.0,22,11.616284089302354,0.0
98.0,22,11.807511169446581,0.0
99.0,21,11.77960510758651,0.0
100.0,21,11.677846630753365,0.0
101.0,21,11.76533481771419,0.0
102.0,21,11.953373126156562,0.0
103.0,20,11.838809320697875,0.0
104.0,20,11.757655549220473,0.0
105.0,20,11.800949839950576,0.0
106.0,19,11.721353152652748,0.0
107.0,19,11.507206452118355,0.0
108.0,19,11.469315798420602,0.0
109.0,20,11.646321538895583,0.0
110.0,20,11.557177679504996,0.0
111.0,20,11.654212235266684,0.0
112.0,20,11.561874355531542,0.0
113.0,21,11.525791825371925,0.0
114.0,21,11.542450183822687,0.0
115.0,21,11.853263186275772,0.0
116.0,21,11.655539963768788,0.0
117.0,22,11.783568820749311,0.0
118.0,22,11.98585842286932,0.0
119.0,21,11.94150175117207,0.0
120.0,21,11.887071272267715,0.0
121.0,22,11.712780474348598,0.0
122.0,22,11.645240402748295,0.0
123.0,22,11.783444803451617,0.0
124.0,22,11.663001345047656,0.0
125.0,23,11.773800340911825,0.0
126.0,23,11.992820471813687,0.0
127.0,22,12.10412242466483,0.0
128.0,21,11.874684941416136,0.0
129.0,22,11.803708951951064,0.0
130.0,21,11.469740081145858,0.0
131.0,21,11.652113132224386,0.0
132.0,21,11.568743291675396,0.0
133.0,22,11.611791201377118,0.0
134.0,22,11.722915420644824,0.0
135.0,22,11.854441575681394,0.0
136.0,22,11.888618935552431,0.0
137.0,23,11.93944129464404,0.0
138.0,23,11.86805922210974,0.0
139.0,23,11.952336134054976,0.0
140.0,23,11.920409258184312,0.0
141.0,24,11.668580589672091,0.0
142.0,24,11.89215452077943,0.0
143.0,23,11.949896499286124,0.0
144.0,22,11.967852005154366,0.0
145.0,23,11.902170981997132,0.0
146.0,22,12.050738357650824,0.0
147.0,22,12.274009213361976,0.0
148.0,21,12.34718219592756,0.0
149.0,22,12.401854890034054,0.0
150.0,21,12.341755728003115,0.0
151.0,21,12.216220428961803,0.0
152.0,21,12.115959416221461,0.0
153.0,22,11.994504968607659,0.0
154.0,22,12.095587883807807,0.0
155.0,22,11.925582455215034,0.0
156.0,21,12.084459639852271,0.0
157.0,21,12.045321636326317,0.0
158.0,21,11.97332139252973,0.0
159.0,20,11.960640085131786,0.0
160.0,20,12.289196990805772,0.0
161.0,20,12.079777980977257,0.0
162.0,20,12.073212180924461,0.0
163.0,20,12.09032711026579,0.0
164.0,20,11.779063271587825,0.0
165.0,21,12.000402228235364,0.0
166.0,21,11.808360824435155,0.0
167.0,21,11.711208327427887,0.0
168.0,21,12.052144671809222,0.0
169.0,22,11.971732493970801,0.0
170.0,22,11.892760188409584,0.0
171.0,22,11.737436397861092,0.0
172.0,21,11.782342935119404,0.0
173.0,22,11.99875252637682,0.0
174.0,21,11.899002945793242,0.0
175.0,21,12.120849434302297,0.0
176.0,20,12.014685479275835,0.0
177.0,21,12.095499437217272,0.0
178.0,20,11.875010964727107,0.0
179.0,19,12.016009842177255,0.0
180.0,19,12.028601098783325,0.0
181.0,20,12.060912748863633,0.0
182.0,20,12.095025502751202,0.0
183.0,20,11.974709443038137,0.0
184.0,20,11.848677341809967,0.0
185.0,21,11.844219136066927,0.0
186.0,20,11.879427989185796,0.0
187.0,20,11.633264542395748,0.0
188.0,20,11.954350010713826,0.0
189.0,21,11.989556290575123,0.0
190.0,21,11.726102682323209,0.0
191.0,21,11.88055606589509,0.0
192.0,21,11.635498611840324,0.0
193.0,21,11.787417911420423,0.0
194.0,21,11.76309419533816,0.0
195.0,20,11.764828649545018,0.0
196.0,20,11.579294660190728,0.0
197.0,20,11.49438113591711,0.0
198.0,20,11.693184552450967,0.0
199.0,20,11.859289761892818,0.0
200.0,20,11.828062076440737,0.0
201.0,20,11.572825929412364,0.0
202.0,20,11.51284190183647,0.0
203.0,19,11.41891949188184,0.0
204.0,19,11.44882405967735,0.0
205.0,20,11.513622830622046,0.0
206.0,20,11.727701073546587,0.0
207.0,20,11.875307464222663,0.0
208.0,20,11.707511512676517,0.0
209.0,21,11.577636802906206,0.0
210.0,21,11.535585107796132,0.0
211.0,21,11.574035754276954,0.0
212.0,21,11.738760498173214,0.0
213.0,22,11.655414158251544,0.0
214.0,22,11.397958162975813,0.0
215.0,22,11.4862868257116,0.0
216.0,22,11.50678657172898,0.0
217.0,23,11.525513232939552,0.0
218.0,23,11.707355332518478,0.0
219.0,23,11.653770843821917,0.0
220.0,23,11.681922328513565,0.0
221.0,24,11.74881180521964,0.0
222.0,23,11.846825960225773,0.0
223.0,22,11.861704559268464,0.0
224.0,22,11.884111802962433,0.0
225.0,22,11.895364617161105,0.0
226.0,22,12.280270959231796,0.0
227.0,21,12.195674095484843,0.0
228.0,20,12.100119479674316,0.0
229.0,21,12.139112892685231,0.0
230.0,20,12.186352304295141,0.0
231.0,20,12.018692018921374,0.0
232.0,19,11.861329839050146,0.0
233.0,20,11.752687677847353,0.0
234.0,20,11.832589188333381,0.0
235.0,20,11.897665225287685,0.0
236.0,20,12.04223824124129,0.0
237.0,21,11.821892499965141,0.0
238.0,21,11.80240638476258,0.0
239.0,21,11.998043281600419,0.0
240.0,20,11.92249796992878,0.0
241.0,21,12.111968962664836,0.0
242.0,21,12.084547038342713,0.0
243.0,21,12.067933250911738,0.0
244.0,21,11.998221368719737,0.0
245.0,22,12.096682112646864,0.0
246.0,22,11.983475144697952,0.0
247.0,22,11.854445620438458,0.0
248.0,22,11.879955433594226,0.0
249.0,22,11.697159711132725,0.0
250.0,22,11.957661926449163,0.0
251.0,21,11.885907569200576,0.0
252.0,21,11.83918442430794,0.0
253.0,21,11.923157628235945,0.0
254.0,21,11.92661828654606,0.0
255.0,21,11.848960089501977,0.0
256.0,21,12.056342807737025,0.0
257.0,22,11.969782277270864,0.0
258.0,22,11.951820801712477,0.0
259.0,22,11.937206639763618,0.0
260.0,22,11.991233990793786,0.0
261.0,23,11.9581318956284,0.0
262.0,23,11.889854582178618,0.0
263.0,23,11.760313321113973,0.0
264.0,23,11.711669257528607,0.0
265.0,23,11.745536879966146,0.0
266.0,23,11.891304149122846,0.0
267.0,22,12.074689376540753,0.0
268.0,21,12.059341808164692,0.0
269.0,22,12.19530644921353,0.0
270.0,22,12.297193847926309,0.0
271.0,22,12.072223447025253,0.0
272.0,22,12.070638240780788,0.0
273.0,23,11.962398509415038,0.0
274.0,23,12.062952849277773,0.0
275.0,22,12.069905333168577,0.0
276.0,21,12.159104478034081,0.0
277.0,22,12.316642897596465,0.0
278.0,21,12.072484887216444,0.0
279.0,21,12.46022958406398,0.0
280.0,20,12.52137536185856,0.0
281.0,21,12.250211040997085,0.0
282.0,20,12.25637654197824,0.0
283.0,19,12.257864918853533,0.0
284.0,19,12.320211472048635,0.0
285.0,20,12.442282628325607,0.0
286.0,20,12.322908636804843,0.0
287.0,20,12.454361766017914,0.0
288.0,20,12.297211061698256,0.0
289.0,21,12.41034820011889,0.0
290.0,21,12.274161716712657,0.0
291.0,21,12.093376888324965,0.0
292.0,21,12.447221301475153,0.0
293.0,21,12.328057822505395,0.0
294.0,20,12.4718993751596,0.0
295.0,20,12.465671440132024,0.0
296.0,19,12.609304839500775,0.0
297.0,20,12.623512143091032,0.0
298.0,19,12.3464105203248,0.0
299.0,19,12.509691239060757,0.0
300.0,19,12.328879540018235,0.0
301.0,19,12.513161155887678,0.0
302.0,19,12.43102883103258,0.0
303.0,19,12.52570257864383,0.0
304.0,19,12.368506531578864,0.0
305.0,20,12.531756214797356,0.0
306.0,20,12.543366710023063,0.0
307.0,20,12.652704815342146,0.0
308.0,20,12.694200460093782,0.0
309.0,21,12.315756973817228,0.0
310.0,21,12.39123331414026,0.0
311.0,21,12.411330190042701,0.0
312.0,21,12.31175237702126,0.0
313.0,22,12.393216380680599,0.0
314.0,22,12.360420688822723,0.0
315.0,22,12.402945829452124,0.0
316.0,21,12.282440936257094,0.0
317.0,22,12.44495494436514,0.0
318.0,21,12.33650085945662,0.0
319.0,21,12.473691975130382,0.0
320.0,20,12.240350898628689,0.0
321.0,21,12.388432617912773,0.0
322.0,20,12.358688101905267,0.0
323.0,20,12.204503081445996,0.0
324.0,20,12.249129611899248,0.0
325.0,21,12.090378485276332,0.0
326.0,21,12.308857978097986,0.0
327.0,21,12.166617737880983,0.0
328.0,21,12.03528039587807,0.0
329.0,22,12.1352088517937,0.0
330.0,22,12.197056712585095,0.0
331.0,22,12.104266215081346,0.0
332.0,21,12.038168818378583,0.0
333.0,22,12.023683623564272,0.0
334.0,22,12.156944894360208,0.0
335.0,22,12.015950741642284,0.0
336.0,21,12.142319065073853,0.0
337.0,21,12.172843559305019,0.0
338.0,21,12.285278737456581,0.0
339.0,20,12.327255816789494,0.0
340.0,20,12.231701684135457,0.0
341.0,20,12.27503862823823,0.0
342.0,20,12.267198519610982,0.0
343.0,20,12.364347402559778,0.0
344.0,20,12.247426975807935,0.0
345.0,20,12.090680655073186,0.0
346.0,20,12.33964910091837,0.0
347.0,19,12.293143696446737,0.0
348.0,19,12.2504005954143,0.0
349.0,19,12.161698073840649,0.0
350.0,19,12.232604172092111,0.0
351.0,19,12.169849386065849,0.0
352.0,19,12.157037051750285,0.0
353.0,19,12.155457910340246,0.0
354.0,19,12.24623465844459,0.0
355.0,19,12.123815125364466,0.0
356.0,19,12.016568458352097,0.0
357.0,19,12.132544607063569,0.0
358.0,19,12.149985690981595,0.0
359.0,19,11.952777850945367,0.0
360.0,19,12.038637587625573,0.0
361.0,19,11.903534268987354,0.0
362.0,19,11.986354476336817,0.0
363.0,19,12.281335261585014,0.0
364.0,19,12.108569427564504,0.0
365.0,19,11.93881775705226,0.0
366.0,19,12.08351873635646,0.0
367.0,19,12.05441329017161,0.0
368.0,19,12.17958043712055,0.0
369.0,20,11.99954286215563,0.0
370.0,19,11.965869929171092,0.0
371.0,19,11.899421221440855,0.0
372.0,19,11.85481907786153,0.0
373.0,20,11.900379668884352,0.0
374.0,20,11.586286271423555,0.0
375.0,20,11.747042286826964,0.0
376.0,19,11.628602200394763,0.0
377.0,20,11.602502502679316,0.0
378.0,19,11.498755214950284,0.0
379.0,19,11.699475085558879,0.0
380.0,18,11.47767673388393,0.0
381.0,19,11.602958278646872,0.0
382.0,19,11.244564905629868,0.0
383.0,19,11.273373060827092,0.0
384.0,19,11.492667136180026,0.0
385.0,20,11.529213802774184,0.0
386.0,20,11.387236532652413,0.0
387.0,20,11.357920388655739,0.0
388.0,20,11.540512344511843,0.0
389.0,21,11.674245177630766,0.0
390.0,21,11.563957009240603,0.0
391.0,21,11.507568583356273,0.0
392.0,21,11.36182291890917,0.0
393.0,22,11.283309407459047,0.0
394.0,22,11.311123376482234,0.0
395.0,22,11.356428492425145,0.0
396.0,22,11.284804503702917,0.0
397.0,23,11.374309448587356,0.0
398.0,23,11.2862318734083,0.0
399.0,23,11.459019499911342,0.0
400.0,23,11.291905240492921,0.0
401.0,24,11.31802455615684,0.0
402.0,23,11.265725327983722,0.0
403.0,23,11.22927608949365,0.0
404.0,22,11.158401528480976,0.0
405.0,23,11.043511391454667,0.0
406.0,22,11.05868987225111,0.0
407.0,22,10.913512888320282,0.0
408.0,22,11.09560230320139,0.0
409.0,23,11.225321861237507,0.0
410.0,23,11.14675626717742,0.0
411.0,23,11.159278593598927,0.0
412.0,23,11.186359285700242,0.0
413.0,24,11.047190638744361,0.0
414.0,24,11.120038100345491,0.0
415.0,24,11.086824036682353,0.0
416.0,24,10.917846777702996,0.0
417.0,25,11.007188439647159,0.0
418.0,25,11.214391106823461,0.0
419.0,25,11.087713522724119,0.0
420.0,25,11.041657334513037,0.0
421.0,25,11.146485516680565,0.0
422.0,25,11.232966915962775,0.0
423.0,24,11.224090654608439,0.0
424.0,24,11.22195650361938,0.0
425.0,24,11.496065183284477,0.0
426.0,24,11.545407536825666,0.0
427.0,23,11.497614628731823,0.0
428.0,23,11.638395894597414,0.0
429.0,23,11.637907237300126,0.0
430.0,22,11.749055192929346,0.0
431.0,22,11.958729104422172,0.0
432.0,21,11.961345112489173,0.0
433.0,22,11.662534013871493,0.0
434.0,21,11.665047362052958,0.0
435.0,21,11.815034137675159,0.0
436.0,20,11.757604951754697,0.0
437.0,21,11.583521604312821,0.0
438.0,21,11.684782097408311,0.0
439.0,21,11.822182965339683,0.0
440.0,21,11.81285614394356,0.0
441.0,22,11.755219802671148,0.0
442.0,22,11.688112301177439,0.0
443.0,22,11.537260042154884,0.0
444.0,21,11.56286609709272,0.0
445.0,22,11.596779506747756,0.0
446.0,21,11.760665821921139,0.0
447.0,20,11.652540787793466,0.0
448.0,20,11.75208553007753,0.0
449.0,20,11.538247547475438,0.0
450.0,20,11.421895229504566,0.0
451.0,19,11.218467724438405,0.0
452.0,19,11.455021793469204,0.0
453.0,20,11.375552640394474,0.0
454.0,20,11.58457048157714,0.0
455.0,20,11.404966497354465,0.0
456.0,20,11.422487022992048,0.0
457.0,20,11.507624295435132,0.0
458.0,20,11.283528855556337,0.0
459.0,20,11.316543177715147,0.0
460.0,20,11.22736323732176,0.0
461.0,21,11.208455941612733,0.0
462.0,21,11.249562190837448,0.0
463.0,21,11.170194103206907,0.0
464.0,21,11.149047669086862,0.0
465.0,22,11.150395970391354,0.0
466.0,22,11.133316959170203,0.0
467.0,21,11.11508509299623,0.0
468.0,21,11.222200390342985,0.0
469.0,21,11.214837887799863,0.0
470.0,21,11.219394554991917,0.0
471.0,20,11.353056723284052,0.0
472.0,19,11.101834877020513,0.0
473.0,20,11.101108608075211,0.0
474.0,20,10.991520322169851,0.0
475.0,20,11.081444000878912,0.0
476.0,20,10.984641363079023,0.0
477.0,21,11.026025259280066,0.0
478.0,21,11.10605330806498,0.0
479.0,21,11.235462803696262,0.0
480.0,21,11.20265808819838,0.0
481.0,22,11.162863701234592,0.0
482.0,22,11.296466865078727,0.0
483.0,22,11.429830598401777,0.0
484.0,22,11.365567204823959,0.0
485.0,23,11.37910723668188,0.0
486.0,23,11.35919643502192,0.0
487.0,23,11.53564822987858,0.0
488.0,23,11.320862075565017,0.0
489.0,24,11.32913230291841,0.0
490.0,24,11.213359136935816,0.0
491.0,24,11.274272283346383,0.0
492.0,24,11.414860507961782,0.0
493.0,25,11.357926889626397,0.0
494.0,25,11.30732867658664,0.0
495.0,25,11.304341432778797,0.0
496.0,25,11.393832409244096,0.0
497.0,26,11.394461578264016,0.0
498.0,26,11.417721823510544,0.0
499.0,26,11.326902918717309,0.0
500.0,26,11.131026922666972,0.0
501.0,26,11.369978730725053,0.0
502.0,26,11.244625472604145,0.0
503.0,25,11.236761899780474,0.0
504.0,25,11.173513460309472,0.0
505.0,25,11.052785700006801,0.0
506.0,25,11.33879793568204,0.0
507.0,24,11.23853758043117,0.0
508.0,23,11.210189207906295,0.0
509.0,24,11.403852123546045,0.0
510.0,23,11.505687241309236,0.0
511.0,23,11.55065871331293,0.0
512.0,22,11.778169979534574,0.0
513.0,22,11.802838004418502,0.0
514.0,22,11.801325494530243,0.0
515.0,21,11.768827084839776,0.0
516.0,21,11.605104870485482,0.0
517.0,21,11.356563913187307,0.0
518.0,21,11.556870162583763,0.0
519.0,20,11.557964396374615,0.0
520.0,20,11.458745511669559,0.0
521.0,20,11.419767288227076,0.0
522.0,19,11.562270159676963,0.0
523.0,19,11.502542625083072,0.0
524.0,19,11.513613891559245,0.0
525.0,20,11.608772150252323,0.0
526.0,20,11.548535157403228,0.0
527.0,20,11.407671452274503,0.0
528.0,20,11.46948455701023,0.0
529.0,21,11.611069844629805,0.0
530.0,21,11.43828710065242,0.0
531.0,21,11.412444278700647,0.0
532.0,21,11.407485332925823,0.0
533.0,22,11.395516031290763,0.0
534.0,22,11.43583689620683,0.0
535.0,22,11.446217985458517,0.0
536.0,22,11.572618529712237,0.0
537.0,22,11.4920501324143,0.0
538.0,21,11.54728176745331,0.0
539.0,21,11.55658145641615,0.0
540.0,21,11.69413425028915,0.0
541.0,22,11.542961138221607,0.0
542.0,21,11.272544699383573,0.0
543.0,21,11.241605460981113,0.0
544.0,21,11.36261979954036,0.0
545.0,22,11.397822905908612,0.0
546.0,22,11.319560621190364,0.0
547.0,21,11.399573386707507,0.0
548.0,21,11.43920961808991,0.0
549.0,21,11.175821387766112,0.0
550.0,20,11.112815289805368,0.0
551.0,20,11.238984701420552,0.0
552.0,20,11.114153161283058,0.0
553.0,21,11.234520234528267,0.0
554.0,21,11.3136359919225,0.0
555.0,21,11.165684297573529,0.0
556.0,21,11.06620072939567,0.0
557.0,22,10.961686140530235,0.0
558.0,22,11.042472665986478,0.0
559.0,22,11.094011937627888,0.0
560.0,22,11.143546241464078,0.0
561.0,23,11.304348782424874,0.0
562.0,22,11.345821387806266,0.0
563.0,22,11.340015563324725,0.0
564.0,21,11.437382819767414,0.0
565.0,21,11.346371794819058,0.0
566.0,21,11.22465125559507,0.0
567.0,20,11.170762510781657,0.0
568.0,20,11.31670246032347,0.0
569.0,20,11.219282283424903,0.0
570.0,20,11.26562118700022,0.0
571.0,20,11.091031732680047,0.0
572.0,20,11.092183969480207,0.0
573.0,21,11.144474063085376,0.0
574.0,21,10.951040818579099,0.0
575.0,21,10.81696391482196,0.0
576.0,21,10.970129500792417,0.0
577.0,22,11.098774362471785,0.0
578.0,22,11.165095895079235,0.0
579.0,22,11.331453902658795,0.0
580.0,22,11.150051420505804,0.0
581.0,23,11.098953670371168,0.0
582.0,23,11.01272609221744,0.0
583.0,23,11.127973906381785,0.0
584.0,23,11.100157603893775,0.0
585.0,24,11.287339912898334,0.0
586.0,24,11.317650029879244,0.0
587.0,24,11.31733683810574,0.0
588.0,24,11.239660777976816,0.0
589.0,25,11.075583098358845,0.0
590.0,25,10.91812009004597,0.0
591.0,24,11.010532765276032,0.0
592.0,24,11.009061602834329,0.0
593.0,24,11.179858094912595,0.0
594.0,24,11.366282456029483,0.0
595.0,23,11.476818243788754,0.0
596.0,22,11.484231677668589,0.0
597.0,23,11.3388941572296,0.0
598.0,23,11.373380313587651,0.0
599.0,23,11.482042819389298,0.0
600.0,23,11.50053599840431,0.0
601.0,23,11.344338880886395,0.0
602.0,23,11.32707045509348,0.0
603.0,23,11.309085842782046,0.0
604.0,23,11.226011329494648,0.0
605.0,22,11.321929097898511,0.0
606.0,22,11.461615537619165,0.0
607.0,21,11.512401999061636,0.0
608.0,20,11.73002564081666,0.0
609.0,20,11.80861204132666,0.0
610.0,19,11.721835822082308,0.0
611.0,19,11.758056734926454,0.0
612.0,18,11.60637593685319,0.0
613.0,18,11.585517951260492,0.0
614.0,18,11.570029463777912,0.0
615.0,17,11.662555448489982,0.0
616.0,17,11.50598391702954,0.0
617.0,16,11.317555168648642,0.0
618.0,16,11.236672804308716,0.0
619.0,15,11.022902399749478,0.0
620.0,15,11.010767543434286,0.0
621.0,15,10.994478145604917,0.0
622.0,15,11.074125280697283,0.0
623.0,15,11.04622701712837,0.0
624.0,15,11.177863147739714,0.0
625.0,15,10.959850121049046,0.0
626.0,15,10.974367660445077,0.0
627.0,15,11.018018676296556,0.0
628.0,15,11.132661600515714,0.0
629.0,15,10.882679024477914,0.0
630.0,15,10.923499722349504,0.0
631.0,15,10.7239652699911,0.0
632.0,15,10.602675581087064,0.0
633.0,15,10.684441450788992,0.0
634.0,15,10.766534412897034,0.0
635.0,15,10.571232942397257,0.0
636.0,15,10.52669994701199,0.0
637.0,15,10.639929398902334,0.0
638.0,15,10.812074690545355,0.0
639.0,15,10.906029819917881,0.0
640.0,15,10.809181131344415,0.0
641.0,15,10.554456677328862,0.0
642.0,14,10.520965462412605,0.0
643.0,14,10.576953236378033,0.0
644.0,13,10.850811841750843,0.0
645.0,13,10.976713178921502,0.0
646.0,12,11.267736950766094,0.0
647.0,12,11.277091455441722,0.0
648.0,11,11.252168944362756,0.0
649.0,10,11.134666835327359,0.0
650.0,10,11.431882656213231,0.0
651.0,9,11.63693577984829,0.0
652.0,9,11.899624096057456,0.0
653.0,8,12.024301862526364,0.0
654.0,8,12.229539277499923,0.0
655.0,7,12.240223647601088,0.0
656.0,6,11.93316795447626,0.0
657.0,6,12.028607206170696,0.0
658.0,5,12.531828859160989,0.0
659.0,5,12.431165386741117,0.0
660.0,4,11.843435203781272,0.0
661.0,4,12.265000417788048,0.0
662.0,3,12.170393859981422,0.0
663.0,3,12.062437943604133,0.0
664.0,3,11.919751009207483,0.0
665.0,3,11.81916432814728,0.0
666.0,3,11.8054792890579,0.0
667.0,3,12.09747661058224,0.0
668.0,3,11.841169969079928,0.0
669.0,3,11.77067442528284,0.0
670.0,3,12.15888998205895,0.0
671.0,3,11.815813142758643,0.0
672.0,3,11.710921458509304,0.0
673.0,2,11.65047430153113,0.0
674.0,2,11.680608644610487,0.0
675.0,2,11.415058712207657,0.0
676.0,2,12.392998388037473,0.0
677.0,2,11.67100878390908,0.0
678.0,1,11.338792177923922,0.0
679.0,0,0,0
